{"Amperville": [0.1495663886730772, 0.2338495148341681, 0.6165840964927549], "Binaryshire": [0.6527828185694119, 0.11685316656503673, 0.23036401486555144], "Byteforge Domain": [0.37460453133795546, 0.20342641829173722, 0.4219690503703072], "Cerebrica": [0.2613889324273019, 0.2832268863178641, 0.28691127972759733, 0.1684729015272369], "Circuiton": [0.19910776229666277, 0.41069161052592, 0.390200627177417], "Cortexia": [0.19598428931537862, 0.2299785692465861, 0.3015872945124042, 0.2724498469256307], "Electropolis": [0.29931803064340545, 0.3555211672576484, 0.34516080209894623], "Infinitron Peninsula": [0.4416383389697388, 0.29670574809760036, 0.26165591293266083], "Infoglen": [0.35585811097587106, 0.3096883325112202, 0.3344535565129084], "Neuronia": [0.13236087461164928, 0.19052863119064703, 0.18495261354566367, 0.4921578806520399], "Quantumridge": [0.2384755700199314, 0.28730305800902917, 0.4742213719710392], "Voltagea": [0.217096059100864, 0.3465952742052319, 0.4363086666939044]}