{"Amperville": [0.14917012786983752, 0.23409504996277805, 0.6167348221673848], "Binaryshire": [0.6521438811271435, 0.11647490470965766, 0.2313812141631991], "Byteforge Domain": [0.3743098288626451, 0.20395417074666283, 0.4217360003906918], "Cerebrica": [0.2622254498705537, 0.2829771172327753, 0.28657957352560354, 0.16821785937106765], "Circuiton": [0.1993966972530127, 0.41019605555458777, 0.3904072471923997], "Cortexia": [0.1957089278403658, 0.2301367826607682, 0.3021027519765734, 0.2720515375222925], "Electropolis": [0.2980344276058974, 0.35561412761508504, 0.3463514447790175], "Infinitron Peninsula": [0.4421813328908022, 0.2959399449509519, 0.26187872215824604], "Infoglen": [0.35597603155626295, 0.30989952377573327, 0.33412444466800395], "Neuronia": [0.13223966328268325, 0.1907513626399028, 0.18476074679795765, 0.4922482272794563], "Quantumridge": [0.23883301668404125, 0.28741279197309333, 0.47375419134286506], "Voltagea": [0.21734160534933203, 0.34759566775566325, 0.43506272689500497]}