{"Amperville": [0.14944578013848364, 0.233487609541869, 0.6170666103196474], "Binaryshire": [0.6526481354884617, 0.11678574617403169, 0.230566118337507], "Byteforge Domain": [0.37378190955639684, 0.20373411739478006, 0.4224839730488233], "Cerebrica": [0.26153902836821213, 0.2829453886078818, 0.28737761345609175, 0.1681379695678143], "Circuiton": [0.19922614497743366, 0.41091952015548194, 0.38985433486708454], "Cortexia": [0.19479858542304024, 0.22898582838368073, 0.3032697421982445, 0.2729458439950346], "Electropolis": [0.29981427270248173, 0.35531876150337954, 0.34486696579413884], "Infinitron Peninsula": [0.4415032259471008, 0.29690810195125145, 0.26158867210164766], "Infoglen": [0.3553424933073131, 0.30925233706866395, 0.3354051696240227], "Neuronia": [0.13222053564844555, 0.1901725975355157, 0.18581051669254975, 0.4917963501234889], "Quantumridge": [0.23911226408110348, 0.28755485972497075, 0.473332876193926], "Voltagea": [0.2177375845526132, 0.34673109462894197, 0.435531320818445]}