{"Amperville": [0.1495153227546893, 0.2330593975309953, 0.6174252797143157], "Binaryshire": [0.6525616450678638, 0.11681242561622494, 0.23062592931591094], "Byteforge Domain": [0.3744038646579594, 0.20361977577226767, 0.4219763595697728], "Cerebrica": [0.2619001412471539, 0.2827411525551529, 0.28689048769384595, 0.1684682185038474], "Circuiton": [0.19964451489391913, 0.40991708718156084, 0.39043839792452023], "Cortexia": [0.19595410720287557, 0.2300655597894496, 0.30155986496081627, 0.27242046804685827], "Electropolis": [0.29960889778205996, 0.35495521523894635, 0.3454358869789937], "Infinitron Peninsula": [0.44084732827179096, 0.2975866973722327, 0.2615659743559767], "Infoglen": [0.35564618677464055, 0.31009418373127934, 0.33425962949407995], "Neuronia": [0.13214959702556175, 0.18996346373259868, 0.18499736365607972, 0.4928895755857596], "Quantumridge": [0.23929601226828676, 0.2872203614599872, 0.4734836262717256], "Voltagea": [0.2176535576695303, 0.3469319908878501, 0.43541445144261953]}