{"Amperville": [0.1492965439911691, 0.2335077260920423, 0.6171957299167891], "Binaryshire": [0.6523948054187051, 0.11694152878102097, 0.23066366580027364], "Byteforge Domain": [0.3745134707413897, 0.2038314386067548, 0.42165509065185536], "Cerebrica": [0.2615077489129049, 0.28306753146994307, 0.2871523825687131, 0.16827233704843883], "Circuiton": [0.19879229162230072, 0.410796044261072, 0.3904116641166274], "Cortexia": [0.19512485518735595, 0.22965001319798733, 0.30191662390632834, 0.27330850770832854], "Electropolis": [0.2990347208852186, 0.35535807388636603, 0.3456072052284149], "Infinitron Peninsula": [0.44182415961021315, 0.29616672756560264, 0.26200911282418404], "Infoglen": [0.3556315173361762, 0.30964390219678706, 0.334724580467037], "Neuronia": [0.13243528093350093, 0.19092453113835822, 0.18528545833209695, 0.49135472959604365], "Quantumridge": [0.23893613780099432, 0.287710506557625, 0.47335335564138054], "Voltagea": [0.21703160610981068, 0.34682862214423776, 0.4361397717459517]}